,リンク,タイトル,投稿日
0,https://gyoumu-kouritsuka-pro.site/tool-and-service/,生産性が３倍になる、エンジニア必須級ツール・サービス,2021.02.09
1,https://gyoumu-kouritsuka-pro.site/plan-promotion/,プログラミング未経験でも副業で月５万円以上稼ぐためのメンタリングプラン,2021.02.01
2,https://gyoumu-kouritsuka-pro.site/fukugyou-10man/,副業で月１０万稼ぐための方程式,2020.11.17
3,https://gyoumu-kouritsuka-pro.site/menta-teian/,案件が溢れるほど獲得できる提案文の書き方,2020.11.15
4,https://gyoumu-kouritsuka-pro.site/python-django-basic/,コースチュートリアル(Python/Django)　全コース共通,2020.11.14
5,https://gyoumu-kouritsuka-pro.site/corona-syuukatsu/,【就活対策２０２０】コロナ不況下だからこそ万全の対策を！パーソナルコーチと挑む、大逆転の就活,2020.06.03
6,https://gyoumu-kouritsuka-pro.site/google-vs-siri/,Google vs Siriで音声認識精度対決をしてみたら驚きの結果に！！,2020.06.01
7,https://gyoumu-kouritsuka-pro.site/webmeet-gizimemo/,Web会議システムで自動で字幕を付けるシステムに自動で議事録機能を追加！,2020.05.31
8,https://gyoumu-kouritsuka-pro.site/uwsc-tutorial-04/,超丁寧UWSC入門講座④：画像認識でWeb操作を行う方法を紹介,2020.05.29
9,https://gyoumu-kouritsuka-pro.site/programing-school/,初心者向けプログラミングスクール厳選トップ３！初心者から最速でエンジニアなれるのはどこ？,2020.05.28
10,https://gyoumu-kouritsuka-pro.site/autoit-ie-classname/,【AutoIT】IEでClassNameを指定して要素を取得する方法,2020.05.28
11,https://gyoumu-kouritsuka-pro.site/edge-reg/,【2020年版】Edgeの各種設定に対応するレジストリを紹介,2020.05.27
12,https://gyoumu-kouritsuka-pro.site/uwsc-tutorial-03/,超丁寧UWSC入門講座③：Excel明細データを読み取りIEを使ったWebフォームへ自動入力する方法,2020.05.25
13,https://gyoumu-kouritsuka-pro.site/old-dmain-select/,中古ドメインの効果と当たりドメインの選び方を紹介,2020.05.24
14,https://gyoumu-kouritsuka-pro.site/toysub-rental-service/,トイサブ！毎月新しいおもちゃがレンタルできるサービスが凄い,2020.05.24
15,https://gyoumu-kouritsuka-pro.site/cradit-card-point-get/,ポイントサイトよりも圧倒的に稼げる！１万円分以上の高額ポイントを1日でゲットできる方法,2020.05.24
16,https://gyoumu-kouritsuka-pro.site/uwsc-tutorial-02/,超丁寧UWSC入門講座②：IEを使ったWebフォームへの入力,2020.05.23
17,https://gyoumu-kouritsuka-pro.site/uwsc-tutorial-01/,超丁寧UWSC入門講座①：インストール、環境構築、簡単なスクリプト作成,2020.05.23
18,https://gyoumu-kouritsuka-pro.site/windows10-copy-method/,複数個所のコピペが簡単に出来る効率化手法を紹介,2020.05.22
19,https://gyoumu-kouritsuka-pro.site/web-meeting-voice-text/,Web会議で自動的に字幕テロップを表示するツールが凄い,2020.05.21
20,https://gyoumu-kouritsuka-pro.site/virtual-shibuya-service7/,バーチャル渋谷だけじゃないコロナ時代に役立つバーチャルサービス７選,2020.05.20
21,https://gyoumu-kouritsuka-pro.site/chatbot-free-selection/,[チャットボット]無料で使いやすいチャットボット３選,2020.05.19
22,https://gyoumu-kouritsuka-pro.site/chatbot-anybot-procedure/,チャットボットanybotを使った手続きボットの作り方を紹介,2020.05.19
23,https://gyoumu-kouritsuka-pro.site/autoit-chrome-excel-google/,AutoITでChromeを操作しExcelデータをGoogleフォームへ自動入力する方法,2020.05.16
24,https://gyoumu-kouritsuka-pro.site/homepage-free-peraichi/,集客力のあるホームページが初心者でも無料で簡単に作成できる方法,2020.05.15
25,https://gyoumu-kouritsuka-pro.site/%e3%81%9f%e3%81%a3%e3%81%9f%ef%bc%91%e6%97%a5%e3%81%a7%e3%80%811%e5%b9%b4%e5%88%86%e3%81%aeseo%e5%af%be%e7%ad%96%e3%82%92%e8%a1%8c%e3%81%86%e6%96%b9%e6%b3%95/,中古ドメインでSEO対策を1日で完了させる方法,2020.05.14
26,https://gyoumu-kouritsuka-pro.site/pc-speed-up-low-price/,PC高速化！5000円以下で速度３倍にする方法,2020.05.14
27,https://gyoumu-kouritsuka-pro.site/windows10%e5%88%9d%e3%82%81%e3%81%8b%e3%82%89%e5%85%a5%e3%81%a3%e3%81%a6%e3%81%84%e3%82%8b%e3%82%b9%e3%83%88%e3%82%a2%e3%82%a2%e3%83%97%e3%83%aa%e3%82%92%e5%ae%8c%e5%85%a8%e3%81%ab%e3%82%a2%e3%83%b3/,[Windows10]ストアアプリを完全にアンインストールする方法を紹介,2020.05.13
28,https://gyoumu-kouritsuka-pro.site/windows8-1bitlocker%e3%81%8c%e3%82%a8%e3%83%a9%e3%83%bc%e3%81%a7%e6%9c%89%e5%8a%b9%e3%81%ab%e3%81%a7%e3%81%8d%e3%81%aa%e3%81%84%e5%a0%b4%e5%90%88%e3%81%ae%e8%a7%a3%e6%b1%ba%e6%b3%95/,[Windows8.1]BitLockerがエラーで有効にできない場合の解決法,2020.05.13
29,https://gyoumu-kouritsuka-pro.site/%e3%80%90%e3%83%81%e3%83%a3%e3%83%83%e3%83%88%e3%83%9c%e3%83%83%e3%83%88%e3%80%91%e5%ae%8c%e5%85%a8%e7%84%a1%e6%96%99%e3%81%a7%e4%bd%bf%e3%81%84%e7%b6%9a%e3%81%91%e3%82%89%e3%82%8c%e3%82%8b%e7%b0%a1/,【チャットボット】完全無料で使い続けられる簡単なチャットボット『anybot』を１０分で導入してみた,2020.05.12
30,https://gyoumu-kouritsuka-pro.site/%e5%ae%8c%e5%85%a8%e7%84%a1%e6%96%99%e3%81%ae%e3%83%81%e3%83%a3%e3%83%83%e3%83%88%e3%83%9c%e3%83%83%e3%83%88%e3%80%8eanybot%e3%80%8f%e3%82%92%e5%bd%93%e3%83%96%e3%83%ad%e3%82%b0%e3%81%ab%e5%ae%9f/,無料のチャットボット『anybot』を当ブログに実装！,2020.05.12
31,https://gyoumu-kouritsuka-pro.site/%e5%ae%8c%e5%85%a8%e7%84%a1%e6%96%99%e3%81%ae%e6%9c%80%e5%bc%b7rpa%e3%80%8cuwsc%e3%80%8d%e3%81%a7%e3%82%a2%e3%83%97%e3%83%aa%e3%82%a4%e3%83%b3%e3%82%b9%e3%83%88%e3%83%bc%e3%83%ab%e4%bd%9c%e6%a5%ad/,[RPA]無料の最強RPA「UWSC」でアプリインストール作業を自動化,2020.05.12
